Fund Name,P1,P2,P3,P4,P5,Score,Rank
M1,0.74,0.55,3.0,43.1,11.85,0.5446435712993497,5
M2,0.84,0.71,3.5,64.2,17.31,0.7901207092248939,2
M3,0.65,0.42,4.6,68.0,18.42,0.4524717114745549,6
M4,0.85,0.72,3.5,42.3,11.84,0.6340859667449753,4
M5,0.6,0.36,4.7,45.8,12.87,0.290332435967099,7
M6,0.88,0.77,3.7,61.5,16.71,0.8200537881790273,1
M7,0.92,0.85,4.1,40.1,11.49,0.6450107364207998,3
M8,0.72,0.52,6.7,47.0,13.74,0.24532058491227407,8
