Fund Name,P1,P2,P3,P4,P5,Score,Rank
M1,0.74,0.55,3.0,43.1,11.85,0.40128444649857326,4
M2,0.84,0.71,3.5,64.2,17.31,0.354274478677984,7
M3,0.65,0.42,4.6,68.0,18.42,0.5315678531000143,3
M4,0.85,0.72,3.5,42.3,11.84,0.37789632577143434,6
M5,0.6,0.36,4.7,45.8,12.87,0.5694095462010862,2
M6,0.88,0.77,3.7,61.5,16.71,0.3511310120094503,8
M7,0.92,0.85,4.1,40.1,11.49,0.39725414599481684,5
M8,0.72,0.52,6.7,47.0,13.74,0.6863284855667472,1
